Common Name,Symbol,Scientific Name,Family Symbol,Family Common Name,Active Growth Period,Fall Conspicuous,Flower Color,Flower Conspicuous,Foliage Color,Foliage Texture,Fruit Color,Fruit Conspicuous,Leaf Retention,Shape and Orientation,Bloom Period,Commercial Availability
Pacific silver fir,ABAM,Abies amabilis,PINACE,Pine family,Spring and Summer,Yes,Yellow,No,Gray-Green,Medium,Brown,No,Yes,Erect,Late Spring,Routinely Available
balsam fir,ABBA,Abies balsamea,PINACE,Pine family,Spring and Summer,No,Yellow,No,Green,Medium,Brown,No,Yes,Conical,Mid Summer,Routinely Available
white fir,ABCO,Abies concolor,PINACE,Pine family,Spring and Summer,No,Red,No,Green,Medium,Brown,No,Yes,Conical,Late Spring,Routinely Available
Fraser fir,ABFR,Abies fraseri,PINACE,Pine family,Spring and Summer,No,Purple,No,Dark Green,Medium,Brown,Yes,Yes,Erect,Mid Spring,Routinely Available
grand fir,ABGR,Abies grandis,PINACE,Pine family,Spring and Summer,No,No Flower,No,Green,Medium,Brown,No,Yes,Conical,Late Spring,Field Collections Only
subalpine fir,ABLA,Abies lasiocarpa,PINACE,Pine family,Spring and Summer,No,No Flower,No,Green,Medium,Brown,No,Yes,Conical,Late Spring,Routinely Available
California red fir,ABMA,Abies magnifica,PINACE,Pine family,Spring and Summer,No,Brown,No,Dark Green,Medium,Brown,Yes,Yes,Erect,Late Spring,Contracting Only
noble fir,ABPR,Abies procera,PINACE,Pine family,Spring and Summer,No,No Flower,No,Dark Green,Medium,Purple,Yes,Yes,Erect,Late Spring,Contracting Only
koa,ACKO,Acacia koa,FABACE,Pea family,Year Round,No,Yellow,No,Green,Medium,Brown,No,Yes,Erect,Spring,Routinely Available
Sydney golden wattle,ACLO,Acacia longifolia,FABACE,Pea family,Spring and Summer,No,Yellow,Yes,Green,Fine,Brown,Yes,Yes,Semi-Erect,Summer,Routinely Available
blackwood,ACME,Acacia melanoxylon,FABACE,Pea family,Spring and Summer,No,White,Yes,Dark Green,Fine,Brown,Yes,Yes,Erect,Early Spring,No Known Source
vine maple,ACCI,Acer circinatum,ACERAC,Maple family,Spring and Summer,Yes,Green,Yes,Green,Medium,Brown,No,No,Erect,Spring,No Known Source
Amur maple,ACGI,Acer ginnala,ACERAC,Maple family,Spring and Summer,Yes,White,No,Green,Medium,Brown,Yes,No,Rounded,Mid Spring,Routinely Available
Rocky Mountain maple,ACGL,Acer glabrum,ACERAC,Maple family,Spring and Summer,Yes,Green,No,Green,Coarse,Brown,No,No,Erect,Late Spring,Routinely Available
Douglas maple,ACGLD4,Acer glabrum var. douglasii,ACERAC,Maple family,Spring and Summer,Yes,Green,No,Green,Coarse,Brown,No,No,Erect,Late Spring,Contracting Only
bigtooth maple,ACGR3,Acer grandidentatum,ACERAC,Maple family,Spring and Summer,No,Yellow,Yes,Green,Medium,Brown,No,No,Erect,Spring,Routinely Available
bigleaf maple,ACMA3,Acer macrophyllum,ACERAC,Maple family,Spring and Summer,Yes,Yellow,No,Green,Medium,Brown,No,No,Erect,Mid Spring,Contracting Only
boxelder,ACNE2,Acer negundo,ACERAC,Maple family,Spring and Summer,Yes,White,No,Green,Coarse,Brown,Yes,No,Erect,Early Spring,Routinely Available
black maple,ACNI5,Acer nigrum,ACERAC,Maple family,Spring and Summer,Yes,Yellow,No,Green,Medium,Brown,No,No,Erect,Late Spring,No Known Source
striped maple,ACPE,Acer pensylvanicum,ACERAC,Maple family,Spring and Summer,Yes,Yellow,No,Green,Medium,Brown,No,No,Erect,Late Spring,No Known Source
Norway maple,ACPL,Acer platanoides,ACERAC,Maple family,Spring and Summer,Yes,Green,No,Green,Medium,Brown,Yes,No,Rounded,Early Spring,Routinely Available
sycamore maple,ACPS,Acer pseudoplatanus,ACERAC,Maple family,Spring and Summer,No,Green,No,Yellow-Green,Coarse,Green,Yes,No,Erect,Late Spring,No Known Source
red maple,ACRU,Acer rubrum,ACERAC,Maple family,Spring and Summer,Yes,Red,Yes,Green,Medium,Red,Yes,No,Rounded,Early Spring,Routinely Available
silver maple,ACSA2,Acer saccharinum,ACERAC,Maple family,Spring and Summer,Yes,Yellow,Yes,Green,Medium,Brown,Yes,No,Rounded,Early Spring,Routinely Available
sugar maple,ACSA3,Acer saccharum,ACERAC,Maple family,Spring and Summer,Yes,Green,No,Green,Coarse,Brown,No,No,Erect,Mid Spring,Routinely Available
mountain maple,ACSP2,Acer spicatum,ACERAC,Maple family,Spring and Summer,Yes,Yellow,No,Green,Coarse,Brown,No,No,Erect,Spring,No Known Source
California buckeye,AECA,Aesculus californica,HIPPOC,Horse-chestnut family,Spring and Summer,Yes,White,No,Red,Coarse,Brown,Yes,No,Erect,Summer,Contracting Only
yellow buckeye,AEFL,Aesculus flava,HIPPOC,Horse-chestnut family,Spring and Summer,Yes,Yellow,Yes,Green,Coarse,Brown,Yes,No,Erect,Late Spring,No Known Source
Ohio buckeye,AEGL,Aesculus glabra,HIPPOC,Horse-chestnut family,Spring and Summer,Yes,Green,Yes,Green,Coarse,Brown,Yes,No,Erect,Mid Spring,Routinely Available
red buckeye,AEPA,Aesculus pavia,HIPPOC,Horse-chestnut family,Spring and Summer,No,Red,Yes,Yellow-Green,Coarse,Brown,Yes,No,Erect,Late Spring,No Known Source
tree of heaven,AIAL,Ailanthus altissima,SIMARO,Quassia family,Spring and Summer,No,Green,Yes,Green,Coarse,Yellow,Yes,No,Rounded,Late Spring,Routinely Available
silktree,ALJU,Albizia julibrissin,FABACE,Pea family,Spring and Summer,No,White,Yes,White-Gray,Fine,Brown,Yes,No,Erect,Mid Summer,Routinely Available
European alder,ALGL2,Alnus glutinosa,BETULA,Birch family,Spring and Summer,No,Purple,No,Green,Medium,Brown,Yes,No,Erect,Mid Spring,Routinely Available
gray alder,ALIN2,Alnus incana,BETULA,Birch family,Spring and Summer,No,No Flower,No,Green,Coarse,Brown,No,No,Erect,Spring,Routinely Available
thinleaf alder,ALINT,Alnus incana ssp. tenuifolia,BETULA,Birch family,Spring and Summer,No,Purple,No,Dark Green,Medium,Brown,No,No,Erect,Early Spring,Routinely Available
seaside alder,ALMA7,Alnus maritima,BETULA,Birch family,Spring and Summer,Yes,No Flower,No,Green,Medium,Brown,Yes,No,Erect,Late Summer,Routinely Available
white alder,ALRH2,Alnus rhombifolia,BETULA,Birch family,Spring and Summer,No,Green,No,Green,Medium,Brown,No,No,Erect,Fall,Routinely Available
red alder,ALRU2,Alnus rubra,BETULA,Birch family,Spring; Summer; Fall,No,Red,No,Green,Coarse,Brown,No,No,Erect,Early Spring,Routinely Available
hazel alder,ALSE2,Alnus serrulata,BETULA,Birch family,Spring and Summer,No,No Flower,No,Green,Coarse,Brown,No,No,Erect,Spring,Routinely Available
mountain alder,ALVIC,Alnus viridis ssp. crispa,BETULA,Birch family,Spring and Summer,No,Yellow,No,Green,Medium,Brown,No,No,Erect,Summer,Routinely Available
Sitka alder,ALVIS,Alnus viridis ssp. sinuata,BETULA,Birch family,Spring and Summer,Yes,No Flower,No,Yellow-Green,Medium,Brown,Yes,No,Erect,Summer,Routinely Available
Saskatoon serviceberry,AMAL2,Amelanchier alnifolia,ROSACE,Rose family,Spring and Summer,No,White,Yes,Green,Coarse,Red,Yes,No,Erect,Early Summer,Routinely Available
Saskatoon serviceberry,AMALS,Amelanchier alnifolia var. semiintegrifolia,ROSACE,Rose family,Spring and Summer,Yes,White,Yes,Green,Coarse,Purple,Yes,No,Rounded,Late Spring,Contracting Only
common serviceberry,AMAR3,Amelanchier arborea,ROSACE,Rose family,Spring and Summer,Yes,White,Yes,Dark Green,Fine,Red,Yes,No,Erect,Mid Spring,Contracting Only
Canadian serviceberry,AMCA4,Amelanchier canadensis,ROSACE,Rose family,Spring and Summer,Yes,White,Yes,Green,Coarse,Purple,Yes,No,Erect,Mid Spring,Routinely Available
Allegheny serviceberry,AMLA,Amelanchier laevis,ROSACE,Rose family,Spring and Summer,Yes,White,Yes,Green,Medium,Purple,Yes,No,Erect,Early Spring,No Known Source
Utah serviceberry,AMUT,Amelanchier utahensis,ROSACE,Rose family,Spring and Summer,No,White,Yes,Green,Coarse,Red,Yes,No,Erect,Late Spring,Routinely Available
cabbagebark tree,ANIN,Andira inermis,FABACE,Pea family,Year Round,Yes,White,Yes,Green,Medium,Brown,Yes,Yes,Irregular,Summer,Routinely Available
pond apple,ANGL4,Annona glabra,ANNONA,Custard-apple family,MI,No,Yellow,No,Dark Green,Coarse,Green,No,No,Erect,MI,MI
sugar apple,ANSQ,Annona squamosa,ANNONA,Custard-apple family,Summer and Fall,No,Yellow,Yes,Green,Coarse,Green,Yes,Yes,Rounded,Summer,Routinely Available
devil's walkingstick,ARSP2,Aralia spinosa,ARALIA,Ginseng family,Spring and Summer,No,White,Yes,Green,Coarse,Black,No,No,Erect,Early Summer,Routinely Available
Norfolk Island pine,ARHE12,Araucaria heterophylla,ARAUCA,Araucaria family,MI,No,No Flower,No,Green,Coarse,Brown,No,Yes,Conical,MI,MI
Arizona madrone,ARAR2,Arbutus arizonica,ERICAC,Heath family,Spring; Summer; Fall,Yes,White,Yes,Dark Green,Coarse,Red,Yes,Yes,Rounded,Late Spring,Contracting Only
Pacific madrone,ARME,Arbutus menziesii,ERICAC,Heath family,Spring and Summer,Yes,White,Yes,Green,Coarse,Red,No,Yes,Rounded,Mid Spring,Routinely Available
hairy manzanita,ARCO3,Arctostaphylos columbiana,ERICAC,Heath family,Spring and Summer,No,White,Yes,Green,Medium,Brown,No,Yes,Irregular,Early Spring,No Known Source
bigberry manzanita,ARGL4,Arctostaphylos glauca,ERICAC,Heath family,Spring,No,White,Yes,Dark Green,Coarse,Brown,No,Yes,Erect,Late Winter,Contracting Only
big sagebrush,ARTR2,Artemisia tridentata,ASTERA,Aster family,Spring and Summer,No,Yellow,No,Green,Coarse,Brown,Yes,Yes,Semi-Erect,Mid Summer,Routinely Available
basin big sagebrush,ARTRT,Artemisia tridentata ssp. tridentata,ASTERA,Aster family,Spring and Summer,No,Green,Yes,Gray-Green,Medium,White,No,Yes,Rounded,Late Summer,Routinely Available
mountain big sagebrush,ARTRV,Artemisia tridentata ssp. vaseyana,ASTERA,Aster family,Spring; Summer; Fall,No,No Flower,No,Gray-Green,Coarse,Brown,No,No,Erect,Fall,Routinely Available
Wyoming big sagebrush,ARTRW8,Artemisia tridentata ssp. wyomingensis,ASTERA,Aster family,Spring and Summer,No,Yellow,No,Gray-Green,Coarse,Brown,No,No,Erect,Late Summer,Field Collections Only
pawpaw,ASTR,Asimina triloba,ANNONA,Custard-apple family,Spring and Summer,Yes,Purple,No,Dark Green,Coarse,Brown,No,No,Erect,Mid Spring,Routinely Available
black mangrove,AVGE,Avicennia germinans,VERBEN,Verbena family,Year Round,Yes,White,Yes,Dark Green,Medium,Green,Yes,Yes,Vase,Indeterminate,Routinely Available
eastern baccharis,BAHA,Baccharis halimifolia,ASTERA,Aster family,Spring; Summer; Fall,Yes,White,Yes,Dark Green,Coarse,White,No,No,Erect,Late Summer,Routinely Available
common bamboo,BAVU2,Bambusa vulgaris,POACEA,Grass family,Year Round,No,Brown,No,Green,Fine,MI,No,Yes,Erect,Indeterminate,Routinely Available
yellow birch,BEAL2,Betula alleghaniensis,BETULA,Birch family,Spring and Summer,No,Yellow,No,Green,Medium,Brown,No,No,Erect,Late Spring,Field Collections Only
sweet birch,BELE,Betula lenta,BETULA,Birch family,Spring and Summer,No,Yellow,No,Green,Medium,Brown,No,No,Erect,Late Spring,Field Collections Only
river birch,BENI,Betula nigra,BETULA,Birch family,Spring and Summer,No,Brown,No,Green,Medium,Brown,No,No,Erect,Mid Spring,Routinely Available
water birch,BEOC2,Betula occidentalis,BETULA,Birch family,Spring and Summer,No,Yellow,No,Green,Medium,Brown,No,No,Erect,Mid Spring,Routinely Available
paper birch,BEPA,Betula papyrifera,BETULA,Birch family,Spring and Summer,Yes,Yellow,Yes,Green,Medium,Brown,No,No,Erect,Mid Spring,Routinely Available
European white birch,BEPE3,Betula pendula,BETULA,Birch family,Spring and Summer,Yes,Brown,Yes,Green,Fine,Brown,No,No,Erect,Mid Spring,Routinely Available
gray birch,BEPO,Betula populifolia,BETULA,Birch family,Spring and Summer,Yes,Brown,No,Green,Fine,Brown,No,No,Erect,Mid Spring,Routinely Available
gregorywood,BUBU,Bucida buceras,COMBRE,Indian Almond family,Fall; Winter and Spring,No,Yellow,No,Green,Fine,Black,No,Yes,Oval,Spring,Routinely Available
gumbo limbo,BUSI,Bursera simaruba,BURSER,Frankincense family,Spring,No,Green,Yes,Green,Medium,Red,No,No,Rounded,Spring,MI
bird-of-paradise shrub,CAGI,Caesalpinia gilliesii,FABACE,Pea family,Summer,Yes,White,Yes,Dark Green,Coarse,Black,Yes,Yes,Erect,Early Spring,Contracting Only
incense cedar,CADE27,Calocedrus decurrens,CUPRES,Cypress family,Spring and Summer,No,Yellow,No,Green,Coarse,Brown,No,Yes,Conical,Late Spring,Routinely Available
Antilles calophyllum,CAAN22,Calophyllum antillanum,CLUSIA,Mangosteen family,Spring; Summer; Fall,No,Orange,Yes,Green,Medium,Brown,No,Yes,Erect,Late Spring,Routinely Available
Alexandrian laurel,CAIN4,Calophyllum inophyllum,CLUSIA,Mangosteen family,MI,Yes,White,Yes,Green,Coarse,Brown,Yes,Yes,Irregular,MI,Routinely Available
wild cinnamon,CAWI,Canella winterana,CANELL,Canella family,Spring,No,Red,No,Green,Medium,Red,Yes,Yes,MI,Summer,Routinely Available
Jamaican caper,CACY,Capparis cynophallophora,CAPPAR,Caper family,Spring,No,Purple,Yes,Green,Coarse,Brown,Yes,Yes,Irregular,Spring,MI
falseteeth,CAFL2,Capparis flexuosa,CAPPAR,Caper family,Spring,No,White,Yes,Green,Coarse,Green,Yes,Yes,Irregular,Summer,MI
Siberian peashrub,CAAR18,Caragana arborescens,FABACE,Pea family,Spring; Summer; Fall,No,Yellow,Yes,Green,Medium,Brown,Yes,No,Erect,Late Spring,Routinely Available
papaya,CAPA23,Carica papaya,CARICA,Papaya family,Year Round,Yes,White,Yes,White-Gray,Medium,Orange,Yes,Yes,Erect,Indeterminate,Routinely Available
American hornbeam,CACA18,Carpinus caroliniana,BETULA,Birch family,Spring and Summer,Yes,Orange,Yes,Green,Medium,Brown,No,No,Erect,Mid Spring,Routinely Available
water hickory,CAAQ2,Carya aquatica,JUGLAN,Walnut family,Spring and Summer,No,Yellow,No,Green,Coarse,Brown,No,No,Erect,Mid Spring,Routinely Available
bitternut hickory,CACO15,Carya cordiformis,JUGLAN,Walnut family,Spring and Summer,Yes,Green,No,Green,Coarse,Brown,Yes,No,Erect,Mid Spring,Routinely Available
pignut hickory,CAGL8,Carya glabra,JUGLAN,Walnut family,Spring and Summer,Yes,Yellow,No,Green,Coarse,Brown,Yes,No,Erect,Mid Spring,Contracting Only
pecan,CAIL2,Carya illinoinensis,JUGLAN,Walnut family,Spring and Summer,No,Yellow,No,Yellow-Green,Fine,Brown,Yes,No,Erect,Early Spring,Routinely Available
shellbark hickory,CALA21,Carya laciniosa,JUGLAN,Walnut family,Spring and Summer,No,Yellow,No,Green,Coarse,Brown,Yes,No,Erect,Mid Spring,Routinely Available
nutmeg hickory,CAMY,Carya myristiciformis,JUGLAN,Walnut family,Spring and Summer,Yes,Yellow,No,Green,Coarse,Brown,Yes,No,Erect,Mid Spring,Routinely Available
shagbark hickory,CAOV2,Carya ovata,JUGLAN,Walnut family,Spring and Summer,Yes,Yellow,Yes,Green,Coarse,Brown,Yes,No,Erect,Late Spring,Routinely Available
American chestnut,CADE12,Castanea dentata,FAGACE,Beech family,Spring,Yes,White,No,Yellow-Green,Coarse,Brown,Yes,No,Erect,Early Summer,Field Collections Only
Chinese chestnut,CAMO83,Castanea mollissima,FAGACE,Beech family,Spring and Summer,Yes,Yellow,Yes,Green,Coarse,Brown,Yes,No,Erect,Mid Spring,Routinely Available
river sheoak,CACU8,Casuarina cunninghamiana,CASUAR,She-oak family,Spring; Summer; Fall,No,Red,No,Green,Fine,Brown,No,Yes,Erect,Mid Spring,Routinely Available
beach sheoak,CAEQ,Casuarina equisetifolia,CASUAR,She-oak family,Spring; Summer; Fall,No,Red,No,Green,Fine,Brown,No,Yes,Erect,Mid Spring,Routinely Available
gray sheoak,CAGL11,Casuarina glauca,CASUAR,She-oak family,Spring; Summer; Fall,No,Red,No,Green,Fine,Brown,No,Yes,Erect,Mid Spring,Routinely Available
southern catalpa,CABI8,Catalpa bignonioides,BIGNON,Trumpet-creeper family,Spring,No,White,Yes,Green,Coarse,Green,Yes,No,Erect,Mid Spring,Routinely Available
northern catalpa,CASP8,Catalpa speciosa,BIGNON,Trumpet-creeper family,Spring,Yes,White,Yes,Dark Green,Medium,Brown,Yes,No,Erect,Early Summer,Routinely Available
snowbrush ceanothus,CEVE,Ceanothus velutinus,RHAMNA,Buckthorn family,Spring and Summer,No,White,Yes,Green,Medium,Brown,No,No,Semi-Erect,Early Summer,Field Collections Only
Deodar cedar,CEDE2,Cedrus deodara,PINACE,Pine family,Spring,No,Green,No,Dark Green,Fine,Green,Yes,Yes,Erect,Late Summer,Routinely Available
sugarberry,CELA,Celtis laevigata,ULMACE,Elm family,Spring and Summer,Yes,Green,No,Green,Medium,Orange,No,No,Erect,Early Spring,Routinely Available
netleaf hackberry,CELAR,Celtis laevigata var. reticulata,ULMACE,Elm family,Spring and Summer,No,Green,No,Green,Medium,White,No,No,Erect,Mid Spring,Routinely Available
common hackberry,CEOC,Celtis occidentalis,ULMACE,Elm family,Spring and Summer,Yes,Green,No,Green,Coarse,Purple,No,No,Erect,Mid Spring,Routinely Available
common buttonbush,CEOC2,Cephalanthus occidentalis,RUBIAC,Madder family,Spring,No,White,Yes,Green,Coarse,White,Yes,No,Erect,Summer,Routinely Available
eastern redbud,CECA4,Cercis canadensis,FABACE,Pea family,Spring and Summer,No,Purple,Yes,Green,Coarse,Brown,Yes,No,Erect,Spring,Routinely Available
Texas redbud,CECAT,Cercis canadensis var. texensis,FABACE,Pea family,Spring,No,Red,Yes,Dark Green,Fine,Brown,Yes,No,Rounded,Early Spring,Routinely Available
curl-leaf mountain mahogany,CELE3,Cercocarpus ledifolius,ROSACE,Rose family,Spring; Summer; Fall,No,Yellow,Yes,Green,Coarse,Brown,No,No,Erect,Early Spring,Routinely Available
alderleaf mountain mahogany,CEMO2,Cercocarpus montanus,ROSACE,Rose family,Spring and Summer,No,White,No,Green,Coarse,Brown,No,No,Erect,Late Spring,Routinely Available
Port Orford cedar,CHLA,Chamaecyparis lawsoniana,CUPRES,Cypress family,Spring and Summer,No,Blue,No,Green,Fine,Brown,No,Yes,Conical,Mid Spring,Routinely Available
Atlantic white cedar,CHTH2,Chamaecyparis thyoides,CUPRES,Cypress family,Spring and Summer,No,Green,No,Green,Medium,Brown,No,Yes,Erect,Spring,Routinely Available
desert willow,CHLI2,Chilopsis linearis,BIGNON,Trumpet-creeper family,Spring; Summer; Fall,No,Purple,Yes,Green,Medium,Brown,No,No,Erect,Late Spring,Routinely Available
white fringetree,CHVI3,Chionanthus virginicus,OLEACE,Olive family,Spring and Summer,No,White,Yes,Green,Medium,Blue,Yes,No,Erect,Mid Spring,No Known Source
giant chinquapin,CHCHC4,Chrysolepis chrysophylla var. chrysophylla,FAGACE,Beech family,Spring and Summer,Yes,Yellow,No,Green,Coarse,Yellow,No,Yes,Erect,Mid Spring,No Known Source
grapefruit,CIPA3,Citrus ?paradisi,RUTACE,Rue family,Year Round,Yes,White,Yes,Green,Medium,Green,Yes,Yes,Columnar,Spring,Routinely Available
Kentucky yellowwood,CLKE,Cladrastis kentukea,FABACE,Pea family,Spring and Summer,Yes,White,Yes,Green,Medium,Brown,Yes,No,Erect,Early Summer,Routinely Available
tietongue,CODI8,Coccoloba diversifolia,POLYGO,Buckwheat family,Spring,No,White,Yes,Green,Medium,Purple,No,Yes,Rounded,Summer,Routinely Available
seagrape,COUV,Coccoloba uvifera,POLYGO,Buckwheat family,Year Round,No,White,No,Green,Coarse,Purple,Yes,Yes,Semi-Erect,Indeterminate,Routinely Available
coconut palm,CONU,Cocos nucifera,ARECAC,Palm family,Year Round,Yes,White,No,Green,Coarse,Brown,Yes,Yes,Erect,Indeterminate,Routinely Available
Arabian coffee,COAR2,Coffea arabica,RUBIAC,Madder family,Year Round,Yes,White,Yes,Green,Medium,Red,Yes,Yes,Rounded,Spring,Routinely Available
tiplant,COFR2,Cordyline fruticosa,LILIAC,Lily family,Year Round,No,White,Yes,Green,Coarse,Red,No,Yes,Erect,Spring,Routinely Available
alternateleaf dogwood,COAL2,Cornus alternifolia,CORNAC,Dogwood family,Spring and Summer,Yes,White,Yes,Dark Green,Medium,Black,Yes,No,Erect,Mid Spring,No Known Source
roughleaf dogwood,CODR,Cornus drummondii,CORNAC,Dogwood family,Spring and Summer,Yes,White,Yes,Green,Medium,White,Yes,No,Erect,Mid Spring,Routinely Available
flowering dogwood,COFL2,Cornus florida,CORNAC,Dogwood family,Spring and Summer,Yes,White,Yes,Green,Medium,Red,Yes,No,Erect,Early Spring,Routinely Available
stiff dogwood,COFO,Cornus foemina,CORNAC,Dogwood family,Spring and Summer,Yes,White,Yes,Green,Fine,Black,Yes,No,Erect,Mid Spring,Routinely Available
Cornelian cherry,COMA21,Cornus mas,CORNAC,Dogwood family,Spring and Summer,Yes,Yellow,Yes,Green,Coarse,Red,Yes,No,Erect,Mid Spring,Routinely Available
Pacific dogwood,CONU4,Cornus nuttallii,CORNAC,Dogwood family,Spring; Summer; Fall,Yes,Green,Yes,Green,Medium,Red,Yes,No,Erect,Mid Spring,Contracting Only
roundleaf dogwood,CORU,Cornus rugosa,CORNAC,Dogwood family,Spring and Summer,Yes,White,Yes,Green,Coarse,Blue,Yes,No,Erect,Mid Spring,No Known Source
western dogwood,COSEO,Cornus sericea ssp. occidentalis,CORNAC,Dogwood family,Spring and Summer,Yes,White,Yes,Green,Coarse,White,Yes,No,Semi-Erect,Summer,Routinely Available
redosier dogwood,COSES,Cornus sericea ssp. sericea,CORNAC,Dogwood family,Spring and Summer,Yes,White,Yes,Green,Coarse,White,Yes,No,Semi-Erect,Spring,Routinely Available
beaked hazelnut,COCO6,Corylus cornuta,BETULA,Birch family,Spring and Summer,No,Yellow,No,Green,Coarse,Brown,Yes,No,Erect,Early Spring,Routinely Available
California hazelnut,COCOC,Corylus cornuta var. californica,BETULA,Birch family,Spring and Summer,No,Yellow,No,Green,Coarse,Brown,No,No,Erect,Early Spring,Contracting Only
may hawthorn,CRAE,Crataegus aestivalis,ROSACE,Rose family,Spring and Summer,No,White,Yes,Dark Green,Fine,Red,Yes,No,Erect,Mid Spring,Routinely Available
cockspur hawthorn,CRCR2,Crataegus crus-galli,ROSACE,Rose family,Spring and Summer,Yes,White,Yes,Green,Medium,Red,Yes,No,Erect,Late Spring,Routinely Available
black hawthorn,CRDO2,Crataegus douglasii,ROSACE,Rose family,Spring; Summer; Fall,Yes,White,Yes,Green,Medium,Black,Yes,No,Erect,Mid Spring,Routinely Available
parsley hawthorn,CRMA5,Crataegus marshallii,ROSACE,Rose family,Spring and Summer,Yes,White,Yes,Green,Medium,Red,Yes,No,Erect,Mid Spring,Routinely Available
oneseed hawthorn,CRMO3,Crataegus monogyna,ROSACE,Rose family,Spring and Summer,Yes,Purple,Yes,Dark Green,Medium,Red,Yes,No,Erect,Mid Spring,No Known Source
Washington hawthorn,CRPH,Crataegus phaenopyrum,ROSACE,Rose family,Spring and Summer,Yes,White,Yes,Green,Medium,Red,Yes,No,Erect,Mid Spring,Routinely Available
green hawthorn,CRVI2,Crataegus viridis,ROSACE,Rose family,Spring and Summer,Yes,White,Yes,Yellow-Green,Fine,Red,Yes,No,Erect,Early Spring,Routinely Available
common calabash tree,CRCU,Crescentia cujete,BIGNON,Trumpet-creeper family,Spring,No,Green,Yes,Green,MI,Green,Yes,Yes,MI,Summer,Routinely Available
Japanese cedar,CRJA3,Cryptomeria japonica,CUPRES,Cypress family,Spring and Summer,No,Yellow,No,Green,Fine,Brown,No,Yes,Erect,Mid Spring,Routinely Available
quince,CYOB2,Cydonia oblonga,ROSACE,Rose family,Summer,Yes,White,Yes,Green,Coarse,Yellow,Yes,No,Oval,Spring,Routinely Available
swamp titi,CYRA,Cyrilla racemiflora,CYRILL,Cyrilla family,Spring and Summer,Yes,Yellow,Yes,Yellow-Green,Coarse,Brown,No,Yes,Erect,Mid Summer,No Known Source
royal poinciana,DERE,Delonix regia,FABACE,Pea family,Year Round,No,Orange,Yes,Green,Fine,Black,Yes,No,Semi-Erect,Early Summer,Routinely Available
common persimmon,DIVI5,Diospyros virginiana,EBENAC,Ebony family,Spring and Summer,Yes,Yellow,No,Dark Green,Medium,Orange,Yes,No,Irregular,Late Spring,Routinely Available
Florida hopbush,DOVI,Dodonaea viscosa,SAPIND,Soapberry family,Spring; Summer; Fall,Yes,White,No,Red,Medium,Brown,Yes,Yes,Semi-Erect,Late Spring,Routinely Available
Russian olive,ELAN,Elaeagnus angustifolia,ELAEAG,Oleaster family,Spring and Summer,No,Yellow,Yes,White-Gray,Coarse,Yellow,Yes,No,Erect,Early Summer,Routinely Available
river redgum,EUCA2,Eucalyptus camaldulensis,MYRTAC,Myrtle family,Spring; Summer; Fall,No,Yellow,Yes,Green,Coarse,Brown,Yes,Yes,Erect,Early Spring,Routinely Available
Tasmanian bluegum,EUGL,Eucalyptus globulus,MYRTAC,Myrtle family,Fall; Winter and Spring,Yes,White,Yes,Gray-Green,Coarse,Black,Yes,Yes,Erect,Fall,Routinely Available
grand eucalyptus,EUGR12,Eucalyptus grandis,MYRTAC,Myrtle family,Fall; Winter and Spring,Yes,White,Yes,Gray-Green,Coarse,Black,Yes,Yes,Erect,Fall,Contracting Only
swampmahogany,EURO2,Eucalyptus robusta,MYRTAC,Myrtle family,Fall; Winter and Spring,Yes,Yellow,Yes,Gray-Green,Coarse,Green,Yes,Yes,Erect,Late Winter,Routinely Available
Sydney bluegum,EUSA,Eucalyptus saligna,MYRTAC,Myrtle family,Fall; Winter and Spring,No,Yellow,Yes,Gray-Green,Coarse,Black,Yes,Yes,Erect,Early Spring,Routinely Available
red stopper,EURH,Eugenia rhombea,MYRTAC,Myrtle family,MI,No,White,No,Green,Coarse,Red,Yes,Yes,Oval,Indeterminate,MI
American beech,FAGR,Fagus grandifolia,FAGACE,Beech family,Spring and Summer,Yes,Yellow,No,Green,Medium,Brown,No,No,Erect,Mid Spring,Routinely Available
candy barrelcactus,FEWI,Ferocactus wislizeni,CACTAC,Cactus family,Summer,No,Orange,Yes,Green,Coarse,Black,Yes,No,Climbing,Late Spring,Contracting Only
eastern swampprivet,FOAC,Forestiera acuminata,OLEACE,Olive family,Summer,No,Green,No,Green,Medium,Black,No,No,Erect,Spring,Routinely Available
California buckthorn,FRCAC5,Frangula californica ssp. californica,RHAMNA,Buckthorn family,Spring and Summer,No,Green,No,Green,Medium,White,Yes,Yes,Semi-Erect,Mid Spring,Routinely Available
Carolina buckthorn,FRCA13,Frangula caroliniana,RHAMNA,Buckthorn family,MI,No,Yellow,No,Green,Coarse,Black,No,No,Erect,Late Spring,MI
Cascara buckthorn,FRPU7,Frangula purshiana,RHAMNA,Buckthorn family,Spring and Summer,Yes,White,No,Dark Green,Coarse,Black,Yes,No,Semi-Erect,Mid Spring,No Known Source
Franklin tree,FRAL,Franklinia alatamaha,THEACE,Tea family,Spring and Summer,Yes,White,Yes,White-Gray,Coarse,Brown,No,No,Irregular,Late Summer,Routinely Available
white ash,FRAM2,Fraxinus americana,OLEACE,Olive family,Spring and Summer,Yes,Yellow,No,Green,Fine,Brown,Yes,No,Erect,Mid Spring,Routinely Available
singleleaf ash,FRAN2,Fraxinus anomala,OLEACE,Olive family,Spring and Summer,Yes,Yellow,No,Green,Medium,Brown,Yes,No,Erect,Mid Spring,Contracting Only
Carolina ash,FRCA3,Fraxinus caroliniana,OLEACE,Olive family,Spring,Yes,Green,No,Green,Coarse,Black,No,No,Erect,Spring,Routinely Available
Oregon ash,FRLA,Fraxinus latifolia,OLEACE,Olive family,Spring and Summer,Yes,Green,No,Green,Medium,Brown,No,No,Erect,Mid Spring,Routinely Available
black ash,FRNI,Fraxinus nigra,OLEACE,Olive family,Spring and Summer,No,White,No,Green,Coarse,Brown,No,No,Erect,Early Spring,Routinely Available
green ash,FRPE,Fraxinus pennsylvanica,OLEACE,Olive family,Spring and Summer,Yes,Green,No,Yellow-Green,Coarse,Brown,No,No,Erect,Late Spring,Routinely Available
pumpkin ash,FRPR,Fraxinus profunda,OLEACE,Olive family,Spring and Summer,Yes,White,No,Green,Medium,Brown,No,No,Erect,Mid Spring,Routinely Available
velvet ash,FRVE2,Fraxinus velutina,OLEACE,Olive family,Spring and Summer,Yes,Yellow,No,Green,Fine,Brown,No,No,Erect,Late Spring,Routinely Available
California flannelbush,FRCA6,Fremontodendron californicum,STERCU,Cacao family,Spring and Summer,No,Yellow,Yes,Green,Coarse,Black,Yes,Yes,Erect,Late Summer,Contracting Only
Wright's silktassel,GAWR3,Garrya wrightii,GARRYA,Silk Tassel family,Spring; Summer; Fall,Yes,White,No,Green,Coarse,Purple,Yes,Yes,Semi-Erect,Late Spring,Field Collections Only
water locust,GLAQ,Gleditsia aquatica,FABACE,Pea family,Spring,No,Green,No,Green,Fine,Brown,No,No,Erect,Mid Summer,MI
honeylocust,GLTR,Gleditsia triacanthos,FABACE,Pea family,Spring and Summer,Yes,Yellow,No,Green,Medium,Green,Yes,No,Rounded,Late Spring,Routinely Available
quickstick,GLSE2,Gliricidia sepium,FABACE,Pea family,Year Round,No,Green,Yes,Green,Fine,Black,Yes,Yes,Rounded,Late Winter,Routinely Available
loblolly bay,GOLA,Gordonia lasianthus,THEACE,Tea family,Spring; Summer; Fall,No,White,Yes,Dark Green,Coarse,Brown,No,Yes,Erect,Early Summer,Routinely Available
silkoak,GRRO,Grevillea robusta,PROTEA,Protea family,Spring; Summer; Fall,No,Yellow,Yes,Green,Fine,Brown,Yes,Yes,Erect,Summer,Routinely Available
holywood,GUSA,Guaiacum sanctum,ZYGOPH,Creosote-bush family,Spring,No,Blue,Yes,Green,Medium,Yellow,Yes,Yes,Rounded,Spring,MI
Kentucky coffeetree,GYDI,Gymnocladus dioicus,FABACE,Pea family,Spring and Summer,No,White,Yes,Green,Coarse,Green,Yes,No,Rounded,Early Summer,Field Collections Only
Carolina silverbell,HACA3,Halesia carolina,STYRAC,Storax family,Spring and Summer,Yes,White,Yes,Green,Medium,Red,No,No,Erect,Mid Spring,No Known Source
two-wing silverbell,HADI3,Halesia diptera,STYRAC,Storax family,Spring,Yes,White,Yes,Green,Coarse,MI,No,No,Erect,Spring,MI
American witchhazel,HAVI4,Hamamelis virginiana,HAMAME,Witch-hazel family,Spring and Summer,No,Yellow,Yes,Green,Coarse,Brown,Yes,No,Semi-Erect,Fall,Routinely Available
sandbox tree,HUCR,Hura crepitans,EUPHOR,Spurge family,Spring,No,Red,Yes,Green,Coarse,Brown,Yes,No,Rounded,Spring,MI
dahoon,ILCA,Ilex cassine,AQUIFO,Holly family,Spring and Summer,No,Yellow,No,Dark Green,Medium,Red,Yes,Yes,Erect,Spring,Routinely Available
large gallberry,ILCO,Ilex coriacea,AQUIFO,Holly family,Spring and Summer,Yes,White,No,Dark Green,Medium,Black,Yes,Yes,Erect,Late Spring,Routinely Available
Chinese holly,ILCO80,Ilex cornuta,AQUIFO,Holly family,Spring and Summer,Yes,White,No,Green,Coarse,Red,Yes,Yes,Irregular,Early Spring,Routinely Available
Japanese holly,ILCR2,Ilex crenata,AQUIFO,Holly family,Spring and Summer,No,Yellow,No,Dark Green,Fine,Black,Yes,Yes,Decumbent,Mid Spring,Routinely Available
possumhaw,ILDE,Ilex decidua,AQUIFO,Holly family,Spring and Summer,No,Yellow,No,Dark Green,Medium,Red,Yes,No,Erect,Spring,Routinely Available
American holly,ILOP,Ilex opaca,AQUIFO,Holly family,Spring and Summer,Yes,Yellow,No,Green,Coarse,Red,Yes,Yes,Erect,Mid Spring,Routinely Available
common winterberry,ILVE,Ilex verticillata,AQUIFO,Holly family,Spring and Summer,Yes,White,No,Green,Coarse,Red,Yes,No,Climbing,Late Spring,Routinely Available
yaupon,ILVO,Ilex vomitoria,AQUIFO,Holly family,Spring and Summer,Yes,White,No,Green,Coarse,Red,Yes,Yes,Erect,Mid Spring,Routinely Available
butternut,JUCI,Juglans cinerea,JUGLAN,Walnut family,Spring and Summer,Yes,Green,No,Green,Coarse,Brown,Yes,No,Erect,Late Spring,Routinely Available
Arizona walnut,JUMA,Juglans major,JUGLAN,Walnut family,Spring and Summer,Yes,Brown,No,Yellow-Green,Coarse,Brown,Yes,No,Erect,Late Spring,Contracting Only
little walnut,JUMI,Juglans microcarpa,JUGLAN,Walnut family,Spring and Summer,Yes,Green,No,Green,Coarse,Black,Yes,No,Erect,Mid Spring,Routinely Available
black walnut,JUNI,Juglans nigra,JUGLAN,Walnut family,Spring,No,Yellow,No,Green,Medium,Brown,Yes,No,Erect,Late Spring,Routinely Available
English walnut,JURE80,Juglans regia,JUGLAN,Walnut family,Spring and Summer,No,White,No,Green,Coarse,Brown,Yes,No,Rounded,Mid Spring,Routinely Available
common juniper,JUCO6,Juniperus communis,CUPRES,Cypress family,Spring and Summer,No,Yellow,No,Green,Medium,Blue,Yes,Yes,Semi-Erect,Mid Spring,Routinely Available
oneseed juniper,JUMO,Juniperus monosperma,CUPRES,Cypress family,Spring and Summer,No,Orange,No,Dark Green,Fine,Purple,Yes,Yes,Erect,Early Spring,Field Collections Only
western juniper,JUOC,Juniperus occidentalis,CUPRES,Cypress family,Spring and Summer,No,Yellow,No,Green,Fine,Blue,No,Yes,Erect,Late Spring,Routinely Available
Utah juniper,JUOS,Juniperus osteosperma,CUPRES,Cypress family,Spring and Summer,No,Yellow,No,Green,Medium,Blue,Yes,Yes,Erect,Early Spring,Routinely Available
Rocky Mountain juniper,JUSC2,Juniperus scopulorum,CUPRES,Cypress family,Spring and Summer,No,Yellow,No,Green,Medium,Blue,Yes,Yes,Erect,Early Spring,Routinely Available
eastern redcedar,JUVI,Juniperus virginiana,CUPRES,Cypress family,Spring and Summer,No,Green,No,Green,Medium,White,Yes,No,Conical,Late Spring,Routinely Available
southern redcedar,JUVIS,Juniperus virginiana var. silicicola,CUPRES,Cypress family,Spring and Summer,No,Yellow,No,Green,Fine,Blue,Yes,Yes,Erect,Late Winter,Routinely Available
mountain laurel,KALA,Kalmia latifolia,ERICAC,Heath family,Spring and Summer,No,Purple,Yes,Green,Coarse,Brown,No,Yes,Semi-Erect,Mid Spring,Routinely Available
goldenrain tree,KOPA,Koelreuteria paniculata,SAPIND,Soapberry family,Spring,Yes,Yellow,Yes,Green,Fine,Brown,Yes,No,Erect,Late Spring,Routinely Available
crapemyrtle,LAIN,Lagerstroemia indica,LYTHRA,Loosestrife family,Spring,No,Purple,Yes,Green,Coarse,Brown,No,No,Erect,Summer,Routinely Available
white mangrove,LARA2,Laguncularia racemosa,COMBRE,Indian Almond family,Fall; Winter and Spring,No,White,No,Green,Coarse,Green,No,Yes,Rounded,Spring,MI
European larch,LADE2,Larix decidua,PINACE,Pine family,Spring and Summer,Yes,Red,No,Yellow-Green,Fine,Brown,Yes,No,Erect,Mid Spring,Routinely Available
tamarack,LALA,Larix laricina,PINACE,Pine family,Spring and Summer,Yes,Red,No,Dark Green,Fine,Brown,Yes,No,Erect,Mid Spring,Routinely Available
subalpine larch,LALY,Larix lyallii,PINACE,Pine family,Summer,Yes,Yellow,No,Green,Fine,Brown,No,No,Erect,Late Spring,Contracting Only
western larch,LAOC,Larix occidentalis,PINACE,Pine family,Spring and Summer,Yes,Red,No,Yellow-Green,Fine,Brown,Yes,No,Erect,Spring,Field Collections Only
white leadtree,LELE10,Leucaena leucocephala,FABACE,Pea family,Spring and Summer,Yes,White,No,Green,Fine,Brown,Yes,Yes,Erect,Indeterminate,Routinely Available
littleleaf leadtree,LERE5,Leucaena retusa,FABACE,Pea family,Summer and Fall,No,Yellow,Yes,Green,Fine,Blue,Yes,No,Erect,Early Spring,Contracting Only
Japanese privet,LIJA,Ligustrum japonicum,OLEACE,Olive family,Spring and Summer,No,White,Yes,Dark Green,Medium,Black,Yes,Yes,Erect,Summer,Routinely Available
northern spicebush,LIBE3,Lindera benzoin,LAURAC,Laurel family,Spring and Summer,No,White,Yes,Green,Coarse,Red,No,No,Erect,Mid Spring,Routinely Available
sweetgum,LIST2,Liquidambar styraciflua,HAMAME,Witch-hazel family,Spring and Summer,Yes,Green,No,Green,Medium,Brown,Yes,No,Erect,Mid Spring,Routinely Available
tuliptree,LITU,Liriodendron tulipifera,MAGNOL,Magnolia family,Spring and Summer,Yes,Yellow,Yes,Green,Medium,Brown,Yes,No,Erect,Mid Spring,Routinely Available
osage orange,MAPO,Maclura pomifera,MORACE,Mulberry family,Spring and Summer,No,Green,No,Green,Coarse,Orange,Yes,No,Erect,Late Spring,Routinely Available
cucumber tree,MAAC,Magnolia acuminata,MAGNOL,Magnolia family,Spring and Summer,Yes,Yellow,Yes,Green,Coarse,Red,Yes,No,Irregular,Mid Spring,Routinely Available
mountain magnolia,MAFR,Magnolia fraseri,MAGNOL,Magnolia family,Spring and Summer,Yes,White,Yes,Green,Coarse,Red,No,No,Erect,Spring,Contracting Only
southern magnolia,MAGR4,Magnolia grandiflora,MAGNOL,Magnolia family,Spring and Summer,Yes,White,Yes,Green,Coarse,Red,Yes,Yes,Rounded,Mid Spring,Routinely Available
Chinese magnolia,MASO9,Magnolia ?soulangiana,MAGNOL,Magnolia family,Spring,No,Purple,Yes,Dark Green,Coarse,Brown,Yes,No,Erect,Early Spring,Routinely Available
star magnolia,MAST6,Magnolia stellata,MAGNOL,Magnolia family,Spring,No,White,Yes,Green,Coarse,Brown,No,No,Semi-Erect,Mid Spring,Routinely Available
umbrella-tree,MATR,Magnolia tripetala,MAGNOL,Magnolia family,Spring,No,White,Yes,Green,Coarse,Red,Yes,No,Erect,Spring,Contracting Only
sweetbay,MAVI2,Magnolia virginiana,MAGNOL,Magnolia family,Spring and Summer,No,White,Yes,Dark Green,Medium,Black,Yes,Yes,Climbing,Summer,Routinely Available
Japanese flowering crab apple,MAFL80,Malus floribunda,ROSACE,Rose family,Spring and Summer,Yes,White,Yes,Green,Medium,Red,Yes,No,Erect,Spring,Routinely Available
Oregon crab apple,MAFU,Malus fusca,ROSACE,Rose family,Spring,Yes,White,Yes,Green,Coarse,Yellow,Yes,No,Erect,Mid Spring,MI
prairie crab apple,MAIO,Malus ioensis,ROSACE,Rose family,Spring and Summer,Yes,White,Yes,Green,Medium,Green,Yes,No,Irregular,Mid Spring,Contracting Only
European crab apple,MASY2,Malus sylvestris,ROSACE,Rose family,Spring and Summer,Yes,White,Yes,Green,Medium,Red,Yes,No,Erect,Mid Spring,Routinely Available
mango,MAIN3,Mangifera indica,ANACAR,Sumac family,Year Round,No,Yellow,Yes,Green,Medium,Orange,Yes,Yes,Rounded,Late Winter,Routinely Available
cassava,MAES,Manihot esculenta,EUPHOR,Spurge family,Year Round,Yes,Green,No,Green,Medium,Brown,No,Yes,Semi-Erect,Indeterminate,Routinely Available
Chinaberrytree,MEAZ,Melia azedarach,MELIAC,Mahogany family,Year Round,No,Purple,Yes,Green,Fine,Brown,Yes,Yes,Irregular,Indeterminate,Routinely Available
dawn redwood,MEGL8,Metasequoia glyptostroboides,CUPRES,Cypress family,Spring; Summer; Fall,Yes,Yellow,No,Green,Fine,Brown,No,No,Erect,Spring,Routinely Available
southern bayberry,MOCA7,Morella caroliniensis,MYRICA,Bayberry family,Spring,No,Green,No,Dark Green,Medium,White,Yes,Yes,Erect,Spring,Routinely Available
wax myrtle,MOCE2,Morella cerifera,MYRICA,Bayberry family,Spring and Summer,No,White,No,Green,Coarse,Blue,Yes,Yes,Erect,Spring,Routinely Available
northern bayberry,MOPE6,Morella pensylvanica,MYRICA,Bayberry family,Spring,No,Yellow,No,Green,Coarse,Blue,Yes,No,Semi-Erect,Late Spring,Routinely Available
Indian mulberry,MOCI3,Morinda citrifolia,RUBIAC,Madder family,Year Round,No,White,No,Green,Coarse,Yellow,Yes,Yes,Erect,Spring,Routinely Available
white mulberry,MOAL,Morus alba,MORACE,Mulberry family,Spring and Summer,No,Green,No,Green,Medium,Purple,Yes,No,Rounded,Early Spring,Routinely Available
red mulberry,MORU2,Morus rubra,MORACE,Mulberry family,Spring and Summer,No,Green,No,Green,Medium,Purple,Yes,No,Rounded,Early Spring,Routinely Available
lancewood,NECO,Nectandra coriacea,LAURAC,Laurel family,Fall,No,White,Yes,Green,Coarse,Purple,Yes,Yes,MI,Early Summer,MI
oleander,NEOL,Nerium oleander,APOCYN,Dogbane family,Spring; Summer; Fall,Yes,Red,Yes,Green,Coarse,Brown,No,Yes,Erect,Summer,Routinely Available
water tupelo,NYAQ2,Nyssa aquatica,CORNAC,Dogwood family,Spring and Summer,Yes,Green,No,Green,Coarse,Purple,No,No,Erect,Mid Spring,Routinely Available
swamp tupelo,NYBI,Nyssa biflora,CORNAC,Dogwood family,Spring and Summer,Yes,Green,No,Green,Coarse,Blue,No,No,Erect,Late Spring,Routinely Available
Ogeechee tupelo,NYOG,Nyssa ogeche,CORNAC,Dogwood family,Spring and Summer,No,Green,No,Green,Coarse,Red,Yes,No,Erect,Mid Spring,Routinely Available
blackgum,NYSY,Nyssa sylvatica,CORNAC,Dogwood family,Spring and Summer,Yes,Green,No,Green,Coarse,Blue,No,No,Erect,Late Spring,Routinely Available
Indian plum,OECE,Oemleria cerasiformis,ROSACE,Rose family,MI,Yes,White,Yes,Green,Medium,Purple,Yes,No,Erect,Spring,MI
desert ironwood,OLTE,Olneya tesota,FABACE,Pea family,Spring; Summer; Fall,No,Purple,Yes,White-Gray,Fine,Brown,Yes,Yes,Rounded,Early Spring,Field Collections Only
Barbary fig,OPFI,Opuntia ficus-indica,CACTAC,Cactus family,Summer,No,Red,Yes,Green,Coarse,MI,Yes,Yes,Irregular,Mid Summer,Routinely Available
hophornbeam,OSVI,Ostrya virginiana,BETULA,Birch family,Spring and Summer,No,Yellow,No,Green,Medium,Brown,No,No,Erect,Mid Spring,Routinely Available
sourwood,OXAR,Oxydendrum arboreum,ERICAC,Heath family,Spring and Summer,Yes,White,Yes,Green,Coarse,Brown,No,No,Columnar,Early Summer,Routinely Available
Tahitian screwpine,PATE2,Pandanus tectorius,PANDAN,Screw-pine family,MI,Yes,White,Yes,Green,Coarse,Yellow,Yes,No,Erect,MI,MI
princesstree,PATO2,Paulownia tomentosa,SCROPH,Figwort family,Spring and Summer,Yes,Purple,Yes,Green,Coarse,Brown,Yes,No,Irregular,Mid Spring,Routinely Available
redbay,PEBO,Persea borbonia,LAURAC,Laurel family,Spring and Summer,No,Yellow,Yes,Dark Green,Medium,Black,Yes,Yes,Erect,Late Spring,Routinely Available
swamp bay,PEPA37,Persea palustris,LAURAC,Laurel family,Spring and Summer,No,Yellow,Yes,Green,Coarse,Black,Yes,No,Irregular,Early Spring,No Known Source
Norway spruce,PIAB,Picea abies,PINACE,Pine family,Spring and Summer,No,Yellow,No,Dark Green,Medium,Brown,No,Yes,Climbing,Mid Spring,Routinely Available
Brewer spruce,PIBR,Picea breweriana,PINACE,Pine family,Spring and Summer,No,Red,No,Green,Coarse,Brown,No,No,Erect,Early Summer,Contracting Only
Engelmann spruce,PIEN,Picea engelmannii,PINACE,Pine family,Spring and Summer,No,Yellow,No,Green,Medium,Brown,No,Yes,Conical,Late Spring,Routinely Available
white spruce,PIGL,Picea glauca,PINACE,Pine family,Summer,No,Yellow,No,Green,Medium,Brown,No,Yes,Conical,Late Spring,Routinely Available
black spruce,PIMA,Picea mariana,PINACE,Pine family,Summer,No,Yellow,No,Green,Medium,Brown,No,Yes,Conical,Late Spring,Routinely Available
blue spruce,PIPU,Picea pungens,PINACE,Pine family,Spring and Summer,No,Yellow,No,Green,Medium,Brown,No,Yes,Conical,Late Spring,Routinely Available
red spruce,PIRU,Picea rubens,PINACE,Pine family,Spring and Summer,No,Yellow,No,Green,Medium,Brown,No,Yes,Conical,Mid Spring,Routinely Available
Sitka spruce,PISI,Picea sitchensis,PINACE,Pine family,Spring and Summer,No,Yellow,No,Green,Medium,Brown,No,Yes,Conical,Late Spring,Routinely Available
whitebark pine,PIAL,Pinus albicaulis,PINACE,Pine family,Summer,No,Yellow,No,Green,Medium,Brown,No,Yes,Erect,Mid Summer,Contracting Only
bristlecone pine,PIAR,Pinus aristata,PINACE,Pine family,Spring and Summer,No,Purple,No,Green,Medium,Brown,No,Yes,Conical,Mid Summer,Routinely Available
jack pine,PIBA2,Pinus banksiana,PINACE,Pine family,Spring and Summer,No,Yellow,No,Yellow-Green,Medium,Brown,Yes,Yes,Erect,Late Spring,Contracting Only
Mexican pinyon,PICE,Pinus cembroides,PINACE,Pine family,Summer,Yes,Yellow,No,Dark Green,Fine,Brown,Yes,Yes,Climbing,Spring,No Known Source
sand pine,PICL,Pinus clausa,PINACE,Pine family,Spring; Summer; Fall,No,Yellow,No,Green,Fine,Brown,No,Yes,Erect,Fall,No Known Source
lodgepole pine,PICO,Pinus contorta,PINACE,Pine family,Spring and Summer,No,Yellow,No,Green,Medium,Brown,No,Yes,Erect,Mid Summer,Routinely Available
beach pine,PICOC,Pinus contorta var. contorta,PINACE,Pine family,Spring and Summer,No,Brown,No,Green,Medium,Brown,Yes,Yes,Erect,Late Spring,Routinely Available
Coulter pine,PICO3,Pinus coulteri,PINACE,Pine family,Spring and Summer,No,Yellow,No,Green,Medium,Brown,No,Yes,Conical,Late Spring,Routinely Available
shortleaf pine,PIEC2,Pinus echinata,PINACE,Pine family,Spring and Summer,No,Yellow,No,Green,Medium,Brown,No,Yes,Conical,Mid Spring,Routinely Available
twoneedle pinyon,PIED,Pinus edulis,PINACE,Pine family,Spring and Summer,No,Yellow,No,Green,Medium,Brown,No,Yes,Conical,Early Summer,Routinely Available
slash pine,PIEL,Pinus elliottii,PINACE,Pine family,Spring and Summer,No,Red,No,Dark Green,Fine,Brown,Yes,Yes,Erect,Winter,Routinely Available
limber pine,PIFL2,Pinus flexilis,PINACE,Pine family,Summer,No,Green,No,Green,Coarse,Brown,No,Yes,Erect,Summer,Contracting Only
spruce pine,PIGL2,Pinus glabra,PINACE,Pine family,Spring and Summer,No,Green,No,Green,Medium,Brown,No,Yes,Conical,Late Spring,Routinely Available
Jeffrey pine,PIJE,Pinus jeffreyi,PINACE,Pine family,Spring and Summer,No,Brown,No,Dark Green,Fine,Brown,Yes,Yes,Erect,Late Spring,Routinely Available
sugar pine,PILA,Pinus lambertiana,PINACE,Pine family,Spring; Summer; Fall,No,Brown,No,Green,Fine,Brown,Yes,Yes,Erect,Spring,Routinely Available
singleleaf pinyon,PIMO,Pinus monophylla,PINACE,Pine family,Spring and Summer,No,Yellow,No,Green,Medium,Brown,No,Yes,Rounded,Mid Spring,Contracting Only
western white pine,PIMO3,Pinus monticola,PINACE,Pine family,Spring and Summer,No,Yellow,No,Green,Medium,Brown,No,Yes,Conical,Mid Spring,Routinely Available
mugo pine,PIMU80,Pinus mugo,PINACE,Pine family,Spring and Summer,No,Yellow,No,Dark Green,Coarse,Brown,No,Yes,Decumbent,MI,Routinely Available
Bishop pine,PIMU,Pinus muricata,PINACE,Pine family,Spring and Summer,No,Orange,No,Green,Medium,Brown,Yes,Yes,Conical,Mid Spring,Contracting Only
Austrian pine,PINI,Pinus nigra,PINACE,Pine family,Spring,No,Yellow,No,Green,Medium,Brown,No,Yes,Rounded,Late Spring,Routinely Available
longleaf pine,PIPA2,Pinus palustris,PINACE,Pine family,Spring and Summer,No,Brown,No,Dark Green,Medium,Brown,Yes,Yes,Erect,Late Winter,No Known Source
ponderosa pine,PIPO,Pinus ponderosa,PINACE,Pine family,Spring and Summer,No,Yellow,No,Green,Medium,Brown,No,Yes,Rounded,Mid Spring,Routinely Available
Table Mountain pine,PIPU5,Pinus pungens,PINACE,Pine family,Spring and Summer,No,Yellow,No,Green,Medium,Brown,No,Yes,Conical,Mid Spring,Routinely Available
Monterey pine,PIRA2,Pinus radiata,PINACE,Pine family,Spring and Summer,No,Yellow,No,Green,Medium,Brown,No,Yes,Erect,Late Winter,Routinely Available
red pine,PIRE,Pinus resinosa,PINACE,Pine family,Spring and Summer,No,Brown,No,Yellow-Green,Medium,Purple,Yes,Yes,Erect,Spring,Routinely Available
pitch pine,PIRI,Pinus rigida,PINACE,Pine family,Spring and Summer,No,Green,No,Yellow-Green,Medium,Brown,Yes,Yes,Erect,Spring,Routinely Available
California foothill pine,PISA2,Pinus sabiniana,PINACE,Pine family,Spring and Summer,No,Yellow,No,Green,Medium,Brown,No,Yes,Erect,Early Spring,Contracting Only
pond pine,PISE,Pinus serotina,PINACE,Pine family,Spring and Summer,No,Yellow,No,Green,Coarse,Brown,No,Yes,Conical,Late Spring,Routinely Available
eastern white pine,PIST,Pinus strobus,PINACE,Pine family,Spring and Summer,No,Red,No,Dark Green,Fine,Brown,Yes,Yes,Erect,Late Spring,Routinely Available
Scots pine,PISY,Pinus sylvestris,PINACE,Pine family,Spring and Summer,No,No Flower,No,Green,Medium,Brown,No,Yes,Conical,Mid Spring,Routinely Available
loblolly pine,PITA,Pinus taeda,PINACE,Pine family,Spring and Summer,No,No Flower,No,Green,Medium,Brown,No,Yes,Rounded,Mid Spring,Routinely Available
Virginia pine,PIVI2,Pinus virginiana,PINACE,Pine family,Spring and Summer,No,No Flower,No,Green,Coarse,Brown,No,Yes,Irregular,Mid Spring,Routinely Available
Japanese cheesewood,PITO2,Pittosporum tobira,PITTOS,Pittosporum family,Spring; Summer; Fall,No,White,Yes,White-Gray,Coarse,Orange,Yes,Yes,Erect,Late Spring,Routinely Available
Cape cheesewood,PIVI5,Pittosporum viridiflorum,PITTOS,Pittosporum family,Spring; Summer; Fall,No,Yellow,Yes,White-Gray,Coarse,Orange,Yes,Yes,Erect,Late Spring,Routinely Available
planertree,PLAQ,Planera aquatica,ULMACE,Elm family,Spring and Summer,No,Green,No,Green,Coarse,Black,No,No,Erect,Early Spring,Routinely Available
American sycamore,PLOC,Platanus occidentalis,PLATAN,Plane-tree family,Spring and Summer,Yes,Red,No,Green,Coarse,Brown,Yes,No,Erect,Spring,Routinely Available
California sycamore,PLRA,Platanus racemosa,PLATAN,Plane-tree family,Spring and Summer,No,Yellow,No,Green,Coarse,Brown,Yes,No,Irregular,Mid Spring,Routinely Available
Arizona sycamore,PLWR2,Platanus wrightii,PLATAN,Plane-tree family,Spring and Summer,No,Yellow,No,Green,Coarse,Brown,No,No,Irregular,Early Spring,Routinely Available
Oriental arborvitae,PLOR80,Platycladus orientalis,CUPRES,Cypress family,Spring and Summer,No,Yellow,No,Green,Fine,Brown,No,Yes,Erect,Mid Spring,Routinely Available
white poplar,POAL7,Populus alba,SALICA,Willow family,Spring and Summer,No,Yellow,No,Green,Coarse,White,Yes,No,Erect,Early Spring,Routinely Available
narrowleaf cottonwood,POAN3,Populus angustifolia,SALICA,Willow family,Summer,Yes,White,Yes,Green,Medium,White,Yes,No,Erect,Spring,Routinely Available
balsam poplar,POBA2,Populus balsamifera,SALICA,Willow family,Spring and Summer,No,Yellow,No,Yellow-Green,Medium,Brown,No,No,Irregular,Late Spring,Routinely Available
black cottonwood,POBAT,Populus balsamifera ssp. trichocarpa,SALICA,Willow family,Spring and Summer,No,Yellow,No,Green,Medium,White,No,No,Erect,Mid Spring,Routinely Available
eastern cottonwood,PODE3,Populus deltoides,SALICA,Willow family,Spring and Summer,No,Yellow,No,Green,Medium,White,Yes,No,Erect,Spring,Routinely Available
plains cottonwood,PODEM,Populus deltoides ssp. monilifera,SALICA,Willow family,Spring and Summer,No,Yellow,No,Green,Coarse,White,Yes,No,Erect,Mid Spring,Routinely Available
Fremont cottonwood,POFR2,Populus fremontii,SALICA,Willow family,Spring and Summer,Yes,White,No,Green,Medium,White,No,No,Irregular,Early Spring,Routinely Available
bigtooth aspen,POGR4,Populus grandidentata,SALICA,Willow family,Spring and Summer,No,Yellow,No,Green,Medium,Brown,No,No,Erect,Mid Spring,Routinely Available
swamp cottonwood,POHE4,Populus heterophylla,SALICA,Willow family,Spring and Summer,No,White,No,Green,Coarse,White,No,No,Erect,Mid Spring,No Known Source
Lombardy poplar,PONI,Populus nigra,SALICA,Willow family,Spring and Summer,No,White,No,Green,Medium,White,No,No,Columnar,Early Spring,Routinely Available
quaking aspen,POTR5,Populus tremuloides,SALICA,Willow family,Spring and Summer,No,Blue,No,Green,Medium,White,No,No,Rounded,Mid Spring,Routinely Available
Kamalo pritchardia,PRMU3,Pritchardia munroi,ARECAC,Palm family,MI,No,Green,No,Green,Coarse,Black,No,No,Erect,MI,MI
honey mesquite,PRGLG,Prosopis glandulosa var. glandulosa,FABACE,Pea family,Spring and Summer,No,Yellow,Yes,Green,Fine,White,Yes,No,Rounded,Early Spring,Field Collections Only
screwbean mesquite,PRPU,Prosopis pubescens,FABACE,Pea family,Spring; Summer; Fall,No,MI,Yes,Green,Fine,Brown,Yes,No,Erect,Early Spring,Routinely Available
American plum,PRAM,Prunus americana,ROSACE,Rose family,Spring and Summer,No,White,Yes,Green,Medium,Red,Yes,No,Erect,Mid Spring,Routinely Available
Chickasaw plum,PRAN3,Prunus angustifolia,ROSACE,Rose family,Spring and Summer,No,White,No,Green,Medium,Red,Yes,No,Semi-Erect,Early Spring,Routinely Available
bitter cherry,PREM,Prunus emarginata,ROSACE,Rose family,Spring,No,White,Yes,Green,Fine,Red,Yes,No,Rounded,Mid Spring,No Known Source
Canadian plum,PRNI,Prunus nigra,ROSACE,Rose family,Spring,No,Red,No,Green,Coarse,Orange,No,No,Erect,Mid Spring,MI
European bird cherry,PRPA5,Prunus padus,ROSACE,Rose family,Spring and Summer,No,White,Yes,Green,Medium,Black,Yes,No,Erect,Spring,No Known Source
black cherry,PRSE2,Prunus serotina,ROSACE,Rose family,Spring and Summer,No,White,Yes,Green,Medium,Black,Yes,No,Erect,Late Spring,Routinely Available
Klamath plum,PRSU2,Prunus subcordata,ROSACE,Rose family,Spring and Summer,Yes,White,No,Green,Medium,Purple,Yes,No,Erect,Early Spring,No Known Source
Nanking cherry,PRTO80,Prunus tomentosa,ROSACE,Rose family,Spring and Summer,Yes,White,Yes,Green,Medium,Red,Yes,No,Irregular,Late Spring,Routinely Available
chokecherry,PRVI,Prunus virginiana,ROSACE,Rose family,Spring and Summer,Yes,White,Yes,Green,Medium,Black,Yes,No,Erect,Mid Spring,Routinely Available
western chokecherry,PRVID,Prunus virginiana var. demissa,ROSACE,Rose family,Spring and Summer,No,White,Yes,Green,Medium,Red,No,No,Erect,Spring,Routinely Available
bigcone Douglas-fir,PSMA,Pseudotsuga macrocarpa,PINACE,Pine family,Spring,No,Yellow,No,Green,Medium,Brown,Yes,No,Erect,Early Spring,Routinely Available
Douglas-fir,PSME,Pseudotsuga menziesii,PINACE,Pine family,Spring and Summer,No,No Flower,No,Green,Medium,Brown,No,Yes,Conical,Mid Spring,Routinely Available
Rocky Mountain Douglas-fir,PSMEG,Pseudotsuga menziesii var. glauca,PINACE,Pine family,Spring and Summer,No,Yellow,No,Green,Medium,Brown,No,No,Conical,Mid Spring,Contracting Only
guava,PSGU,Psidium guajava,MYRTAC,Myrtle family,Year Round,No,White,No,Green,Medium,Yellow,Yes,Yes,Erect,Spring,Routinely Available
common hoptree,PTTR,Ptelea trifoliata,RUTACE,Rue family,Spring and Summer,Yes,Yellow,No,Green,Medium,Red,No,Yes,Erect,Early Summer,No Known Source
pomegranate,PUGR2,Punica granatum,PUNICA,Pomegranate family,Spring and Summer,Yes,Orange,Yes,Green,Medium,Red,Yes,No,Vase,Spring,Routinely Available
Stansbury cliffrose,PUST,Purshia stansburiana,ROSACE,Rose family,Summer,No,White,Yes,Green,Fine,Brown,Yes,Yes,Erect,Mid Spring,No Known Source
common pear,PYCO,Pyrus communis,ROSACE,Rose family,Spring and Summer,Yes,White,Yes,Green,Medium,Yellow,Yes,No,Erect,Early Spring,Routinely Available
California live oak,QUAG,Quercus agrifolia,FAGACE,Beech family,Spring; Summer; Fall,No,Yellow,No,Green,Medium,Brown,Yes,Yes,Irregular,Early Spring,Routinely Available
white oak,QUAL,Quercus alba,FAGACE,Beech family,Spring and Summer,Yes,Yellow,No,Green,Medium,Brown,Yes,No,Erect,Mid Spring,Routinely Available
swamp white oak,QUBI,Quercus bicolor,FAGACE,Beech family,Spring and Summer,Yes,Yellow,No,Green,Medium,Brown,Yes,No,Erect,Early Spring,Routinely Available
canyon live oak,QUCH2,Quercus chrysolepis,FAGACE,Beech family,Spring; Summer; Fall,Yes,Yellow,No,Green,Medium,Brown,Yes,Yes,Erect,Late Spring,Routinely Available
scarlet oak,QUCO2,Quercus coccinea,FAGACE,Beech family,Spring and Summer,Yes,Yellow,No,Green,Medium,Brown,Yes,No,Erect,Mid Spring,No Known Source
blue oak,QUDO,Quercus douglasii,FAGACE,Beech family,Spring,Yes,Yellow,No,Gray-Green,Coarse,Brown,Yes,No,Erect,Spring,Contracting Only
coastal sage scrub oak,QUDU,Quercus dumosa,FAGACE,Beech family,Spring,Yes,Yellow,No,Green,Coarse,Brown,No,Yes,Semi-Erect,Early Spring,Contracting Only
southern red oak,QUFA,Quercus falcata,FAGACE,Beech family,Spring and Summer,Yes,Yellow,No,Green,Coarse,Brown,No,No,Erect,Mid Spring,Routinely Available
Gambel oak,QUGA,Quercus gambelii,FAGACE,Beech family,Spring and Summer,Yes,Yellow,No,Green,Coarse,Brown,No,No,Irregular,Mid Spring,Contracting Only
Oregon white oak,QUGA4,Quercus garryana,FAGACE,Beech family,Spring and Summer,Yes,Yellow,No,Green,Medium,Brown,Yes,No,Erect,Mid Spring,Contracting Only
shingle oak,QUIM,Quercus imbricaria,FAGACE,Beech family,Spring and Summer,Yes,Yellow,No,Dark Green,Medium,Brown,No,No,Erect,Late Spring,No Known Source
California black oak,QUKE,Quercus kelloggii,FAGACE,Beech family,Spring and Summer,Yes,Yellow,No,Green,Medium,Brown,Yes,No,Erect,Late Spring,Contracting Only
turkey oak,QULA2,Quercus laevis,FAGACE,Beech family,Spring and Summer,Yes,Yellow,No,Green,Medium,Brown,Yes,No,Erect,Late Spring,No Known Source
laurel oak,QULA3,Quercus laurifolia,FAGACE,Beech family,Spring and Summer,Yes,Yellow,No,Green,Medium,Brown,Yes,No,Erect,Early Spring,Routinely Available
valley oak,QULO,Quercus lobata,FAGACE,Beech family,Spring and Summer,Yes,Yellow,No,Green,Medium,Brown,Yes,No,Rounded,Early Spring,Contracting Only
overcup oak,QULY,Quercus lyrata,FAGACE,Beech family,Spring and Summer,Yes,Yellow,No,Green,Medium,Brown,Yes,No,Erect,Mid Spring,Routinely Available
bur oak,QUMA2,Quercus macrocarpa,FAGACE,Beech family,Spring and Summer,Yes,Yellow,No,Green,Medium,Brown,Yes,No,Erect,Mid Spring,Routinely Available
blackjack oak,QUMA3,Quercus marilandica,FAGACE,Beech family,Spring and Summer,Yes,Yellow,No,Dark Green,Coarse,Brown,No,No,Erect,Mid Spring,Routinely Available
swamp chestnut oak,QUMI,Quercus michauxii,FAGACE,Beech family,Spring and Summer,Yes,Yellow,No,Green,Medium,Brown,Yes,No,Erect,Mid Spring,Routinely Available
chinquapin oak,QUMU,Quercus muehlenbergii,FAGACE,Beech family,Spring and Summer,Yes,Yellow,No,Green,Medium,Brown,Yes,No,Erect,Mid Spring,No Known Source
water oak,QUNI,Quercus nigra,FAGACE,Beech family,Spring and Summer,Yes,Yellow,No,Green,Medium,Brown,Yes,No,Erect,Mid Spring,Routinely Available
cherrybark oak,QUPA5,Quercus pagoda,FAGACE,Beech family,Spring and Summer,Yes,Yellow,No,Green,Medium,Brown,Yes,No,Erect,Mid Spring,Routinely Available
pin oak,QUPA2,Quercus palustris,FAGACE,Beech family,Spring and Summer,Yes,Yellow,No,Green,Medium,Brown,No,No,Erect,Spring,Routinely Available
willow oak,QUPH,Quercus phellos,FAGACE,Beech family,Spring and Summer,Yes,Yellow,No,Green,Fine,Brown,Yes,No,Erect,Mid Spring,Routinely Available
northern red oak,QURU,Quercus rubra,FAGACE,Beech family,Spring and Summer,Yes,Yellow,No,Green,Medium,Brown,Yes,No,Erect,Mid Spring,Routinely Available
Shumard's oak,QUSH,Quercus shumardii,FAGACE,Beech family,Spring and Summer,Yes,Yellow,No,Green,Medium,Brown,Yes,No,Erect,Early Spring,Routinely Available
post oak,QUST,Quercus stellata,FAGACE,Beech family,Spring and Summer,Yes,Yellow,No,Green,Coarse,Brown,No,No,Erect,Early Spring,Routinely Available
Nuttall oak,QUTE,Quercus texana,FAGACE,Beech family,Spring and Summer,Yes,Yellow,No,Green,Medium,Brown,Yes,No,Erect,Early Spring,Routinely Available
black oak,QUVE,Quercus velutina,FAGACE,Beech family,Spring and Summer,Yes,Yellow,No,Green,Medium,Brown,Yes,No,Erect,Early Spring,Routinely Available
live oak,QUVI,Quercus virginiana,FAGACE,Beech family,Spring and Summer,No,Yellow,No,Green,Medium,Brown,Yes,Yes,Rounded,Early Spring,Routinely Available
redberry buckthorn,RHCR,Rhamnus crocea,RHAMNA,Buckthorn family,Spring; Summer; Fall,No,White,Yes,Dark Green,Medium,Red,Yes,Yes,Vase,Early Spring,Contracting Only
Pacific rhododendron,RHMA3,Rhododendron macrophyllum,ERICAC,Heath family,Spring and Summer,No,Purple,Yes,Dark Green,Coarse,Black,Yes,Yes,Erect,Spring,Routinely Available
great laurel,RHMA4,Rhododendron maximum,ERICAC,Heath family,Spring and Summer,Yes,Red,Yes,Dark Green,Coarse,Brown,No,Yes,Semi-Erect,Mid Spring,Routinely Available
winged sumac,RHCO,Rhus copallinum,ANACAR,Sumac family,Spring and Summer,Yes,Yellow,No,Green,Coarse,Brown,Yes,No,Erect,Mid Spring,Routinely Available
smooth sumac,RHGL,Rhus glabra,ANACAR,Sumac family,Spring and Summer,Yes,Yellow,No,Green,Coarse,Brown,Yes,No,Erect,Mid Spring,Routinely Available
littleleaf sumac,RHMI3,Rhus microphylla,ANACAR,Sumac family,Spring and Summer,Yes,White,No,Green,Fine,Red,Yes,No,Rounded,Spring,Routinely Available
sugar sumac,RHOV,Rhus ovata,ANACAR,Sumac family,Spring and Summer,Yes,White,No,Green,Coarse,Red,Yes,Yes,Semi-Erect,Mid Spring,Contracting Only
New Mexico locust,RONE,Robinia neomexicana,FABACE,Pea family,Spring and Summer,Yes,Purple,Yes,Green,Fine,Brown,Yes,No,Irregular,Late Spring,Routinely Available
black locust,ROPS,Robinia pseudoacacia,FABACE,Pea family,Spring,No,White,Yes,Green,Medium,Black,Yes,No,Erect,Spring,Routinely Available
dwarf palmetto,SAMI8,Sabal minor,ARECAC,Palm family,Spring and Summer,No,White,No,Gray-Green,Coarse,Black,No,Yes,Erect,Late Spring,Routinely Available
cabbage palmetto,SAPA,Sabal palmetto,ARECAC,Palm family,Spring and Summer,No,White,Yes,Gray-Green,Coarse,Black,Yes,Yes,Climbing,Summer,No Known Source
white willow,SAAL2,Salix alba,SALICA,Willow family,Spring and Summer,No,Yellow,No,Green,Medium,White,No,No,Erect,Early Spring,Routinely Available
peachleaf willow,SAAM2,Salix amygdaloides,SALICA,Willow family,Spring and Summer,No,White,No,Green,Medium,MI,No,No,Irregular,Late Spring,Routinely Available
Barclay's willow,SABA3,Salix barclayi,SALICA,Willow family,Spring and Summer,No,White,No,Green,Medium,MI,No,No,Erect,MI,No Known Source
coastal plain willow,SACA5,Salix caroliniana,SALICA,Willow family,Spring,Yes,Green,No,Green,Coarse,White,No,No,Erect,Early Spring,Routinely Available
pussy willow,SADI,Salix discolor,SALICA,Willow family,Spring,No,White,No,Green,Coarse,MI,No,No,Erect,Winter,Routinely Available
narrowleaf willow,SAEX,Salix exigua,SALICA,Willow family,Spring and Summer,No,Yellow,No,Green,Medium,White,No,No,Erect,Early Spring,Routinely Available
Geyer willow,SAGE2,Salix geyeriana,SALICA,Willow family,Spring and Summer,Yes,Yellow,Yes,Green,Medium,Brown,No,No,Erect,Spring,Routinely Available
Goodding's willow,SAGO,Salix gooddingii,SALICA,Willow family,Spring and Summer,No,Green,No,Green,Coarse,Brown,No,No,Erect,Early Spring,Routinely Available
sandbar willow,SAIN3,Salix interior,SALICA,Willow family,Spring,No,Green,No,Green,Medium,Brown,Yes,No,Erect,Early Spring,Routinely Available
shining willow,SALU,Salix lucida,SALICA,Willow family,Spring and Summer,No,Yellow,No,Yellow-Green,Coarse,Brown,No,No,Erect,Spring,Routinely Available
Pacific willow,SALUL,Salix lucida ssp. lasiandra,SALICA,Willow family,Spring and Summer,Yes,Green,No,Green,Medium,Yellow,No,No,Erect,Spring,Routinely Available
yellow willow,SALU2,Salix lutea,SALICA,Willow family,Spring and Summer,No,Yellow,No,Yellow-Green,Coarse,Brown,No,No,Erect,Spring,Routinely Available
park willow,SAMO2,Salix monticola,SALICA,Willow family,Spring and Summer,No,White,Yes,Green,Medium,Brown,Yes,No,Erect,Late Spring,Routinely Available
black willow,SANI,Salix nigra,SALICA,Willow family,Spring and Summer,No,No Flower,No,Green,Medium,MI,No,No,Erect,Early Spring,Routinely Available
laurel willow,SAPE4,Salix pentandra,SALICA,Willow family,Spring and Summer,Yes,Yellow,Yes,Dark Green,Medium,Brown,No,No,Erect,Summer,Contracting Only
diamondleaf willow,SAPL2,Salix planifolia,SALICA,Willow family,Spring and Summer,No,Green,No,Green,Medium,Green,No,No,Semi-Erect,Late Spring,Routinely Available
Scouler's willow,SASC,Salix scouleriana,SALICA,Willow family,Spring and Summer,Yes,Yellow,Yes,Green,Medium,Brown,No,No,Erect,Early Spring,Contracting Only
silky willow,SASE,Salix sericea,SALICA,Willow family,Spring and Summer,No,Green,No,Green,Coarse,Brown,No,No,Erect,Mid Spring,Routinely Available
Sitka willow,SASI2,Salix sitchensis,SALICA,Willow family,Spring and Summer,No,White,No,Yellow-Green,Medium,MI,No,No,Erect,MI,Routinely Available
American black elderberry,SANIC4,Sambucus nigra ssp. canadensis,CAPRIF,Honeysuckle family,Spring and Summer,Yes,White,Yes,Green,Medium,Blue,Yes,No,Erect,Spring,Routinely Available
blue elderberry,SANIC5,Sambucus nigra ssp. cerulea,CAPRIF,Honeysuckle family,Spring and Summer,No,White,Yes,Green,Coarse,Black,Yes,No,Erect,Spring,Contracting Only
red elderberry,SARAR3,Sambucus racemosa var. racemosa,CAPRIF,Honeysuckle family,Spring and Summer,Yes,White,Yes,Green,Medium,Red,Yes,No,Erect,Mid Summer,Contracting Only
western soapberry,SASAD,Sapindus saponaria var. drummondii,SAPIND,Soapberry family,Summer,Yes,White,Yes,Green,Fine,Yellow,Yes,No,Erect,Spring,Routinely Available
sassafras,SAAL5,Sassafras albidum,LAURAC,Laurel family,Spring and Summer,Yes,Yellow,Yes,Green,Coarse,Blue,No,No,Irregular,Late Spring,Routinely Available
Brazilian peppertree,SCTE,Schinus terebinthifolius,ANACAR,Sumac family,Year Round,Yes,White,Yes,Dark Green,Coarse,Red,Yes,Yes,Erect,Summer,Routinely Available
redwood,SESE3,Sequoia sempervirens,CUPRES,Cypress family,Spring and Summer,No,Yellow,No,Green,Medium,Brown,Yes,Yes,Erect,Fall,Routinely Available
giant sequoia,SEGI2,Sequoiadendron giganteum,CUPRES,Cypress family,Spring and Summer,No,Green,No,Green,Fine,Brown,No,Yes,Conical,Mid Spring,Routinely Available
saw palmetto,SERE2,Serenoa repens,ARECAC,Palm family,Spring and Summer,No,White,No,Yellow-Green,Coarse,Black,No,Yes,Erect,Late Spring,Routinely Available
vegetable hummingbird,SEGR5,Sesbania grandiflora,FABACE,Pea family,Year Round,No,White,No,Green,Fine,Brown,No,Yes,Erect,Spring,Routinely Available
silver buffaloberry,SHAR,Shepherdia argentea,ELAEAG,Oleaster family,Spring and Summer,Yes,Yellow,Yes,White-Gray,Coarse,Red,Yes,No,Semi-Erect,Late Spring,Routinely Available
buckthorn bully,SILY,Sideroxylon lycioides,SAPOTA,Sapodilla family,Spring; Summer; Fall,No,White,No,Green,Medium,Black,Yes,Yes,Rounded,Early Summer,No Known Source
mescal bean,SOSE3,Sophora secundiflora,FABACE,Pea family,Spring and Summer,Yes,Purple,Yes,Green,Medium,Black,No,Yes,Semi-Erect,Early Spring,Routinely Available
American mountain ash,SOAM3,Sorbus americana,ROSACE,Rose family,Spring and Summer,Yes,White,Yes,Green,Fine,Orange,Yes,No,Erect,Early Summer,Routinely Available
European mountain ash,SOAU,Sorbus aucuparia,ROSACE,Rose family,Spring and Summer,Yes,White,Yes,Green,Fine,Orange,Yes,No,Erect,Late Spring,Routinely Available
northern mountain ash,SODE3,Sorbus decora,ROSACE,Rose family,Summer and Fall,Yes,White,Yes,Gray-Green,Fine,Red,Yes,No,Oval,Early Summer,Routinely Available
Greene's mountain ash,SOSC2,Sorbus scopulina,ROSACE,Rose family,Spring and Summer,Yes,White,Yes,Green,Fine,Red,Yes,No,Erect,Summer,Contracting Only
western mountain ash,SOSIG,Sorbus sitchensis var. grayi,ROSACE,Rose family,Spring and Summer,Yes,White,Yes,Dark Green,Fine,Red,Yes,No,Erect,Late Spring,Contracting Only
American snowbell,STAM4,Styrax americanus,STYRAC,Storax family,MI,Yes,White,No,Green,Fine,MI,No,No,MI,Spring,MI
bigleaf snowbell,STGR4,Styrax grandifolius,STYRAC,Storax family,Spring and Summer,No,White,Yes,Green,Medium,Brown,No,No,Erect,Spring,No Known Source
Honduras mahogany,SWMA,Swietenia macrophylla,MELIAC,Mahogany family,Year Round,Yes,Green,No,Green,Medium,Brown,No,Yes,Erect,Spring,Routinely Available
West Indian mahogany,SWMA2,Swietenia mahagoni,MELIAC,Mahogany family,Spring,Yes,Yellow,Yes,Green,Coarse,Brown,Yes,No,Erect,Late Spring,Routinely Available
common sweetleaf,SYTI,Symplocos tinctoria,SYMPLO,Sweetleaf family,Spring and Summer,No,Yellow,Yes,Yellow-Green,Medium,Brown,No,No,Erect,Late Spring,MI
Java plum,SYCU,Syzygium cumini,MYRTAC,Myrtle family,Year Round,No,Green,No,Green,Medium,Black,Yes,Yes,Erect,Spring,No Known Source
white cedar,TAHE,Tabebuia heterophylla,BIGNON,Trumpet-creeper family,Spring; Summer; Fall,No,White,Yes,Green,Medium,Brown,Yes,No,Erect,Spring,No Known Source
tamarind,TAIN2,Tamarindus indica,FABACE,Pea family,Year Round,Yes,Yellow,No,Green,Fine,Brown,Yes,Yes,Rounded,Spring,Routinely Available
pond cypress,TAAS,Taxodium ascendens,CUPRES,Cypress family,Spring and Summer,Yes,Brown,No,Green,Fine,Brown,Yes,No,Climbing,Late Winter,Routinely Available
bald cypress,TADI2,Taxodium distichum,CUPRES,Cypress family,Spring and Summer,Yes,Purple,No,Green,Fine,Brown,No,No,Conical,Mid Spring,Routinely Available
English yew,TABA80,Taxus baccata,TAXACE,Yew family,Spring and Summer,No,Yellow,No,Green,Fine,Red,No,Yes,Erect,Spring,Routinely Available
Pacific yew,TABR2,Taxus brevifolia,TAXACE,Yew family,Spring and Summer,No,No Flower,No,Gray-Green,Fine,Brown,Yes,Yes,Erect,Early Summer,Contracting Only
Japanese yew,TACU,Taxus cuspidata,TAXACE,Yew family,Spring and Summer,No,Yellow,No,Green,Fine,Red,No,Yes,Erect,Mid Spring,Routinely Available
yellow trumpetbush,TEST,Tecoma stans,BIGNON,Trumpet-creeper family,Spring and Summer,No,Yellow,Yes,Green,Fine,Brown,Yes,No,Erect,Indeterminate,Routinely Available
tropical almond,TECA,Terminalia catappa,COMBRE,Indian Almond family,Year Round,No,White,No,Green,Medium,Brown,Yes,Yes,Erect,Indeterminate,Routinely Available
Portia tree,THPO3,Thespesia populnea,MALVAC,Mallow family,Year Round,No,Yellow,Yes,Green,Medium,Brown,Yes,Yes,Erect,Spring,Routinely Available
arborvitae,THOC2,Thuja occidentalis,CUPRES,Cypress family,Spring and Summer,No,No Flower,No,Green,Fine,Brown,No,Yes,Conical,Mid Spring,Routinely Available
western redcedar,THPL,Thuja plicata,CUPRES,Cypress family,Spring and Summer,No,No Flower,No,Green,Fine,Brown,No,Yes,Conical,Mid Spring,Contracting Only
American basswood,TIAM,Tilia americana,TILIAC,Linden family,Spring and Summer,Yes,Yellow,Yes,Green,Medium,Brown,No,No,Erect,Late Spring,Routinely Available
littleleaf linden,TICO2,Tilia cordata,TILIAC,Linden family,Spring and Summer,Yes,Yellow,No,Green,Fine,Brown,No,No,Erect,Early Summer,Routinely Available
Florida nutmeg,TOTA,Torreya taxifolia,TAXACE,Yew family,Spring and Summer,No,No Flower,No,Green,Fine,Blue,Yes,Yes,Erect,Mid Spring,Contracting Only
Jamaican nettletree,TRMI2,Trema micrantha,ULMACE,Elm family,Fall,No,Green,No,Green,Coarse,Orange,No,Yes,MI,Spring,MI
eastern hemlock,TSCA,Tsuga canadensis,PINACE,Pine family,Spring and Summer,No,Yellow,No,Dark Green,Fine,Brown,No,Yes,Erect,Mid Spring,Routinely Available
Carolina hemlock,TSCA2,Tsuga caroliniana,PINACE,Pine family,Spring and Summer,No,Yellow,No,Dark Green,Fine,Brown,No,Yes,Erect,Mid Spring,No Known Source
western hemlock,TSHE,Tsuga heterophylla,PINACE,Pine family,Spring and Summer,No,No Flower,No,Green,Fine,Brown,No,Yes,Conical,Mid Spring,Routinely Available
mountain hemlock,TSME,Tsuga mertensiana,PINACE,Pine family,Summer,No,Yellow,No,Green,Fine,Brown,No,Yes,Erect,Early Summer,Contracting Only
winged elm,ULAL,Ulmus alata,ULMACE,Elm family,Spring and Summer,No,Yellow,No,Green,Coarse,Brown,No,No,Erect,Early Spring,No Known Source
American elm,ULAM,Ulmus americana,ULMACE,Elm family,Spring and Summer,Yes,Green,No,Green,Coarse,Brown,No,No,Erect,Early Spring,Routinely Available
cedar elm,ULCR,Ulmus crassifolia,ULMACE,Elm family,Spring and Summer,Yes,Green,No,Green,Medium,Brown,No,No,Erect,Late Summer,Routinely Available
Chinese elm,ULPA,Ulmus parvifolia,ULMACE,Elm family,Spring and Summer,Yes,Yellow,No,Green,Coarse,Brown,Yes,No,Erect,Late Summer,Routinely Available
Siberian elm,ULPU,Ulmus pumila,ULMACE,Elm family,Spring and Summer,No,Green,No,Green,Medium,Brown,No,No,Erect,Mid Spring,Routinely Available
slippery elm,ULRU,Ulmus rubra,ULMACE,Elm family,Spring and Summer,No,Yellow,No,Green,Coarse,Brown,No,No,Erect,Late Winter,Routinely Available
September elm,ULSE,Ulmus serotina,ULMACE,Elm family,Spring and Summer,No,Green,No,Green,Medium,Brown,No,No,Erect,Late Summer,No Known Source
rock elm,ULTH,Ulmus thomasii,ULMACE,Elm family,Spring and Summer,No,Yellow,No,Green,Coarse,Brown,No,No,Erect,Mid Spring,No Known Source
California laurel,UMCA,Umbellularia californica,LAURAC,Laurel family,Spring; Summer; Fall,Yes,Yellow,Yes,Green,Coarse,Yellow,Yes,Yes,Erect,Spring,Routinely Available
farkleberry,VAAR,Vaccinium arboreum,ERICAC,Heath family,Spring and Summer,No,White,Yes,Dark Green,Medium,Black,Yes,Yes,Erect,Late Summer,No Known Source
wayfaringtree,VILA,Viburnum lantana,CAPRIF,Honeysuckle family,Spring and Summer,Yes,White,Yes,Green,Coarse,Black,Yes,No,Erect,Late Spring,No Known Source
nannyberry,VILE,Viburnum lentago,CAPRIF,Honeysuckle family,Spring and Summer,Yes,White,Yes,Green,Coarse,Red,Yes,No,Erect,Late Spring,Routinely Available
withe-rod,VINUC,Viburnum nudum var. cassinoides,CAPRIF,Honeysuckle family,Spring and Summer,No,White,Yes,Green,Medium,Blue,No,No,Erect,Early Summer,Routinely Available
European cranberrybush,VIOP,Viburnum opulus,CAPRIF,Honeysuckle family,Spring and Summer,Yes,White,Yes,Green,Coarse,Red,Yes,No,Erect,Late Spring,Routinely Available
American cranberrybush,VIOPA2,Viburnum opulus var. americanum,CAPRIF,Honeysuckle family,Spring and Summer,Yes,White,Yes,Green,Coarse,Red,Yes,No,Erect,Late Spring,Routinely Available
blackhaw,VIPR,Viburnum prunifolium,CAPRIF,Honeysuckle family,Spring and Summer,Yes,White,Yes,Green,Medium,Black,Yes,No,Erect,Spring,Routinely Available
aloe yucca,YUAL,Yucca aloifolia,AGAVAC,Century-plant family,Spring,No,White,Yes,Dark Green,Coarse,Black,Yes,Yes,Erect,Early Summer,Routinely Available
soaptree yucca,YUEL,Yucca elata,AGAVAC,Century-plant family,Spring and Summer,Yes,White,Yes,Green,Coarse,Black,Yes,Yes,Erect,Late Spring,Field Collections Only
Japanese zelkova,ZESE80,Zelkova serrata,ULMACE,Elm family,Spring and Summer,Yes,Green,No,Dark Green,Fine,Brown,No,No,Erect,Mid Spring,Routinely Available
